
[
  {
    "month": "Сентябрь",
    "weeks": [
      {
        "week": 1,
        "dates": "2–6 сентября",
        "theme": "Натуральные числа. Разряды.",
        "explanation": "Чтение и запись чисел, разряды, сравнение.",
        "tasks": {
          "basic": [
            "Прочитай и запиши число 300010.",
            "Укажи разряд цифры 5 в числе 520674."
          ],
          "advanced": [
            "Найди ошибку: В числе 7015402 цифра 5 в разряде десятков тысяч.",
            "Какое число ближе к миллиону: 999450 или 1002010?"
          ],
          "logic": [
            "Число уменьшается в 10 раз при зачёркивании последней цифры. Что это за число?"
          ]
        }
      },
      {
        "week": 2,
        "dates": "9–13 сентября",
        "theme": "Сравнение чисел. Числовой луч.",
        "explanation": "Сравнение многозначных чисел, координатная прямая.",
        "tasks": {
          "basic": [
            "Расположи по возрастанию: 300005, 299990, 301000, 299999.",
            "Сравни: 999999 и 1000001."
          ],
          "advanced": [
            "Какие пары чисел отличаются на 1: 87400 и 87401; 999999 и 1000000?",
            "Найди ошибку в порядке убывания."
          ],
          "logic": [
            "На числовом луче отмечены числа от 125 до 225 с равными интервалами. Найди промежуточные."
          ]
        }
      }
    ]
  }
]
